,loss,accuracy
0,0.4628080725669861,0.8647833466529846
1,0.27371782064437866,0.9185500144958496
2,0.23534275591373444,0.9281499981880188
3,0.21494299173355103,0.9360833168029785
4,0.2028665542602539,0.9373833537101746
5,0.13757166266441345,0.9589999914169312
