,loss,accuracy
0,0.46410155296325684,0.8651666641235352
1,0.2738415002822876,0.9189833402633667
2,0.2351665198802948,0.9296166896820068
3,0.21722117066383362,0.9341999888420105
4,0.20111502707004547,0.9392499923706055
5,0.13831621408462524,0.9599999785423279
